{
  "epoch": [
    1,
    2,
    3,
    4,
    5,
    6,
    7,
    8,
    9,
    10,
    11,
    12,
    13,
    14,
    15,
    16,
    17,
    18,
    19,
    20,
    21,
    22,
    23,
    24,
    25,
    26,
    27,
    28,
    29,
    30,
    31,
    32,
    33,
    34,
    35,
    36,
    37,
    38,
    39,
    40,
    41,
    42,
    43,
    44,
    45,
    46,
    47,
    48,
    49,
    50
  ],
  "train_loss": [
    0.00900745227120023,
    0.001350302985610114,
    0.0006026470568031072,
    0.0005932223481442972,
    0.0003667311598682821,
    0.00032664941407978547,
    0.0002954255287052225,
    0.00020131071128552823,
    0.00017968190497281893,
    0.00017680096438216987,
    0.00016219500121036448,
    0.00014382961399763618,
    0.00014569315143430419,
    0.0001355275278610955,
    0.0001376495245694906,
    0.00012810660597265783,
    0.00013440461835105457,
    0.00012863199677117508,
    0.00012404411800943406,
    0.00011248002342857369,
    0.00010661204611859365,
    0.00012476526959271161,
    0.00010719731895839539,
    0.00011230086422880593,
    0.00012755385439309268,
    0.00011211629382685096,
    9.12791112975115e-05,
    9.287014980464406e-05,
    9.207883729724233e-05,
    8.798076665085738e-05,
    8.451026932158767e-05,
    8.281349292542238e-05,
    8.020307751203634e-05,
    7.598037670764118e-05,
    0.00010731050724050036,
    8.533413025030076e-05,
    8.614321661948249e-05,
    8.995900723150662e-05,
    8.390997621241582e-05,
    7.361530003664355e-05,
    8.439509472805732e-05,
    8.658228912734814e-05,
    7.834396084720153e-05,
    9.735111199722216e-05,
    9.246705811733982e-05,
    7.679544695938259e-05,
    7.215126793526747e-05,
    7.668627594350405e-05,
    0.00011687718566944759,
    0.00010607416444110822
  ],
  "val_loss": [
    0.0029760042016044068,
    0.0008948542968627557,
    0.0007100101196135236,
    0.0005632018364615547,
    0.0006233363326600007,
    0.0005448926796547476,
    0.00042454463741749564,
    0.00036052685300969306,
    0.00035178147078943935,
    0.0003841108657678715,
    0.00031945067536463166,
    0.0003357815208198754,
    0.00031234160879996703,
    0.00031461776007274525,
    0.00030118712411977806,
    0.00035210690079099673,
    0.0003279988463332433,
    0.00031547330897653303,
    0.00030204414606574995,
    0.000309500676898699,
    0.00026403517025100646,
    0.0002778867849231536,
    0.00027947052018088066,
    0.0002934587214922928,
    0.00032151794968617606,
    0.00025403183129529236,
    0.0002611142329024181,
    0.0002647122295035822,
    0.00026690787398982554,
    0.00026996818148767595,
    0.00024265352961958396,
    0.00028152212669861046,
    0.00022758931793546503,
    0.00026129527065949366,
    0.0003140132616059196,
    0.0002427244909112177,
    0.0002240368361690402,
    0.0002368819928212223,
    0.00023588804090904654,
    0.00022956275870017348,
    0.00022782507356087052,
    0.00022251864605964315,
    0.00026558030725545113,
    0.0002665335686203209,
    0.0002231668828811775,
    0.00021612438852123923,
    0.00021612773953253475,
    0.00024522649803853194,
    0.00022479193224279672,
    0.00025270446585461354
  ],
  "learning_rate": [
    0.001,
    0.001,
    0.001,
    0.001,
    0.001,
    0.001,
    0.001,
    0.001,
    0.001,
    0.001,
    0.001,
    0.001,
    0.001,
    0.001,
    0.001,
    0.001,
    0.001,
    0.001,
    0.001,
    0.001,
    0.001,
    0.001,
    0.001,
    0.001,
    0.001,
    0.001,
    0.001,
    0.001,
    0.001,
    0.001,
    0.001,
    0.001,
    0.001,
    0.001,
    0.001,
    0.001,
    0.001,
    0.001,
    0.001,
    0.001,
    0.001,
    0.001,
    0.001,
    0.001,
    0.001,
    0.001,
    0.001,
    0.001,
    0.001,
    0.001
  ],
  "best_val_loss": 0.00021612438852123923,
  "best_epoch": 46
}