{
  "epoch": [
    1,
    2,
    3,
    4,
    5,
    6,
    7,
    8,
    9,
    10,
    11,
    12,
    13,
    14,
    15,
    16,
    17,
    18,
    19,
    20,
    21,
    22,
    23,
    24,
    25,
    26,
    27,
    28,
    29,
    30,
    31,
    32,
    33,
    34,
    35,
    36,
    37,
    38,
    39,
    40,
    41,
    42,
    43,
    44,
    45,
    46,
    47,
    48
  ],
  "train_loss": [
    0.016386650475078098,
    0.0014244446141286865,
    0.000998206336660906,
    0.0008777983281025311,
    0.0010686062509594068,
    0.0009154941727442481,
    0.000614778345124316,
    0.0007545887657818849,
    0.000633503395273539,
    0.000600681362611232,
    0.0005248044261127179,
    0.00048105413643435233,
    0.0005601870327911106,
    0.0004214048355616168,
    0.0003742855145432746,
    0.00038150677471853714,
    0.00038763768716932906,
    0.00040240001831126887,
    0.0003238111830802948,
    0.00038174248794157735,
    0.000513793396842714,
    0.0004206507972800061,
    0.000177435035064426,
    0.00013926081669227223,
    0.00012100167254256437,
    0.00012212301480633454,
    0.00010570960596529446,
    0.000108907564249749,
    0.00010065665856924682,
    0.00010837468932121928,
    0.0001047511117895297,
    0.0001108898905456335,
    0.00010135813306775456,
    0.00010232717370157549,
    8.25773585094475e-05,
    8.145999401420535e-05,
    7.995815404180334e-05,
    7.852108946971793e-05,
    7.844718932346168e-05,
    7.800154615580857e-05,
    7.783252182992694e-05,
    7.973178959918877e-05,
    8.016133041755549e-05,
    7.999387769851852e-05,
    7.520707038009565e-05,
    7.620383160232e-05,
    7.347557759478519e-05,
    7.670352805411455e-05
  ],
  "val_loss": [
    0.0016590844251371177,
    0.0008632242629061965,
    0.000988289982438315,
    0.001254386468071766,
    0.0007494579399097411,
    0.0008525247081075092,
    0.000703909467318817,
    0.0007233658945487387,
    0.0008116938333608019,
    0.0007747468080781879,
    0.0005573555087847366,
    0.0010524250904226922,
    0.0004841250905930289,
    0.00044065448448026007,
    0.0004995053665303712,
    0.00038265709579402696,
    0.0006184960845363748,
    0.00043554224487142546,
    0.00046597312165609894,
    0.0005683267244453755,
    0.0006168911605437025,
    0.0005260437890367696,
    0.00028749548943699833,
    0.000279039312939203,
    0.00026833696286265147,
    0.00026652160561246754,
    0.00027511897955428196,
    0.00025990334644234646,
    0.0002606246541387108,
    0.00029809182244757267,
    0.00026012111199350424,
    0.00026904249473881436,
    0.0002619553218815413,
    0.00027026267138020047,
    0.00025336544945202705,
    0.0002509258688946698,
    0.00024997544728224747,
    0.00024632570533388086,
    0.0002469359967965031,
    0.00024642198520335984,
    0.00025175587193466953,
    0.0002530077610361776,
    0.00024872499545141485,
    0.00024943776068223755,
    0.00024772811663906777,
    0.00024989037790879986,
    0.00025334126304594015,
    0.0002497858515485052
  ],
  "learning_rate": [
    0.001,
    0.001,
    0.001,
    0.001,
    0.001,
    0.001,
    0.001,
    0.001,
    0.001,
    0.001,
    0.001,
    0.001,
    0.001,
    0.001,
    0.001,
    0.001,
    0.001,
    0.001,
    0.001,
    0.001,
    0.001,
    0.001,
    0.0001,
    0.0001,
    0.0001,
    0.0001,
    0.0001,
    0.0001,
    0.0001,
    0.0001,
    0.0001,
    0.0001,
    0.0001,
    0.0001,
    1e-05,
    1e-05,
    1e-05,
    1e-05,
    1e-05,
    1e-05,
    1e-05,
    1e-05,
    1e-05,
    1e-05,
    1.0000000000000002e-06,
    1.0000000000000002e-06,
    1.0000000000000002e-06,
    1.0000000000000002e-06
  ],
  "best_val_loss": 0.00024632570533388086,
  "best_epoch": 38
}